
-- Data mockup for posts
INSERT INTO public.posts (id, title, gender, id_writer, amount, min_cast, max_cast, state, content, requirement, benefit, address, write_time, views, hot) OVERRIDING SYSTEM VALUE VALUES (10, 'Chụp ảnh feedback sp cho brand váy nữ', 'Nữ', 2, 3, 1000000, 1000000, '1', 'Mình cần 1, 2 bạn nữ xinh xắn style bánh bèo quay video  và chụp ảnh feedback sp cho brand váy nữ.', 'Nữ cao 1m65 trở lên', '', '10', '2022-05-06 15:34:34.003', 0, '0');
INSERT INTO public.posts (id, title, gender, id_writer, amount, min_cast, max_cast, state, content, requirement, benefit, address, write_time, views, hot) OVERRIDING SYSTEM VALUE VALUES (11, 'Chụp concept ngoại cảnh', 'Nữ', 2, 2, 1200000, 1500000, '1', 'Chụp ảnh ở đèo Hải Vân', 'Cao trên 1m65.
Nặng dưới 50kg', 'Bên nhãn hàng chịu chi phí di chuyển, makeup, ăn trưa', '20', '2022-05-06 15:39:56.195', 0, '0');
INSERT INTO public.posts (id, title, gender, id_writer, amount, min_cast, max_cast, state, content, requirement, benefit, address, write_time, views, hot) OVERRIDING SYSTEM VALUE VALUES (12, 'Chụp brand thiết kế', 'Nữ', 2, 1, 1500000, 1500000, '1', 'Cần tìm mẫu ruột chụp brand thiết kế.', 'mẫu sz S cao 1m60-1m65, nặng 45-48kg', 'hêm kinh nghiệm làm mẫu , được chụp tại các khách sạn, nhà hàng, quán cf sang chảnh...', '25', '2022-05-06 15:42:48.626', 0, '0');
INSERT INTO public.posts (id, title, gender, id_writer, amount, min_cast, max_cast, state, content, requirement, benefit, address, write_time, views, hot) OVERRIDING SYSTEM VALUE VALUES (13, 'CONCEPT CƯỚI MẪU TÂY ', 'Nữ', 2, 3, 1200000, 1500000, '1', 'Team mình sẽ có buổi shooting với bạn mẫu tây và concept như dưới ảnh. 
Mình nhận gửi đồ chụp lookbook - trọn gói ekip ', 'Vui vẻ chân thành, nhìn tây tây chút', '', '10', '2022-05-06 16:43:42.133', 0, '0');
INSERT INTO public.posts (id, title, gender, id_writer, amount, min_cast, max_cast, state, content, requirement, benefit, address, write_time, views, hot) OVERRIDING SYSTEM VALUE VALUES (14, 'Tìm MẪU NAM chụp thời trang POLO', 'Nam', 2, 2, 1600000, 1800000, '1', 'Chụp thời trang polo', 'Độ tuổi 28-40
Gương mặt nam tính, góc cạnh
Làm việc chuyên nghiệp, hợp tác đồng hành cùng hãng', '', '15', '2022-05-06 16:46:19.928', 0, '0');
INSERT INTO public.posts (id, title, gender, id_writer, amount, min_cast, max_cast, state, content, requirement, benefit, address, write_time, views, hot) OVERRIDING SYSTEM VALUE VALUES (15, 'Quay video feedback sp, và tiktok cho brand váy nữ', 'Nữ', 2, 5, 500000, 1000000, '1', 'Cần tuyển 1 vài bạn nữ xinh xắn quay video feedback sp, và tiktok cho brand váy nữ', 'Yêu cầu biết diễn, tự nhiên, biết mix đồ style hàn quốc. 
', 'Cast 500k/ buổi Cv, thu nhap đều đặn nếu làm tốt cho các ban hs sv', '20', '2022-05-06 16:48:07.841', 0, '0');
INSERT INTO public.posts (id, title, gender, id_writer, amount, min_cast, max_cast, state, content, requirement, benefit, address, write_time, views, hot) OVERRIDING SYSTEM VALUE VALUES (16, 'TUYỂN MẪU CHỤP HÌNH FEEDBACK', 'Nam', 2, 4, 1000000, 1500000, '1', 'Bên mình cần tìm mẫu chụp feedback quay tiktok cho thương hiệu thời trang localbrand.', 'Có thể chụp được street style . Style cool ngầu style cute tuỳ mẫu
Tự chọn view (trung tâm, đường phố hoặc coffee) miễn sao phù hợp với style mình đưa ra là được
Đăng bài kèm hastag thương hiệu bên mình.', 'Được tặng đồ + Cast', '10', '2022-05-06 16:49:35.431', 0, '0');
INSERT INTO public.posts (id, title, gender, id_writer, amount, min_cast, max_cast, state, content, requirement, benefit, address, write_time, views, hot) OVERRIDING SYSTEM VALUE VALUES (17, 'Quay + Live TikTok cho shop', 'Nữ', 2, 2, 1300000, 1500000, '1', ' Quay + Live TikTok cho shop.', 'Sản phẩm : Đầm thời trang
- Biết diễn xuất, biết những chủ đề đang trend
- Cao từ 1m6 trở lên, cơ thể cân đối
- Nói chuyện to. Rõ
- Ưu tiên hợp tác lâu dài với shop
- Sinh sống tại HCM', '', '10', '2022-05-06 16:53:19.172', 0, '0');
INSERT INTO public.posts (id, title, gender, id_writer, amount, min_cast, max_cast, state, content, requirement, benefit, address, write_time, views, hot) OVERRIDING SYSTEM VALUE VALUES (18, 'chụp ảnh sản phẩm đồ tập gym, yoga, erobic', 'Nữ', 2, 2, 1000000, 1500000, '1', 'Chụp ảnh sản phẩm đồ tập gym, yoga, erobic', 'Yêu cầu trên 50 kg, (gymmer càng tốt).
Đồ đơn giản, mình k cần chỉnh sửa gì cả, chụp càng nhanh càng tốt vì bên mình chuyên bán sỉ đồ tập, hàng về rất nhiều và liên tục.', 'Nếu ok sẽ hợp tác lâu dài và liên tuc', '10', '2022-05-06 16:55:54.725', 0, '0');
INSERT INTO public.posts (id, title, gender, id_writer, amount, min_cast, max_cast, state, content, requirement, benefit, address, write_time, views, hot) OVERRIDING SYSTEM VALUE VALUES (19, ' Chụp feedback ,video,chụp gương cho brand', 'Nữ', 2, 3, 1400000, 1600000, '1', 'Cần bạn mẫu nữ xinh xắn chụp feedback ,video,chụp gương cho brand. mối tuần 10-15b.', 'MẪU FIT đồ size S, cao 1m60-1m65, lương 500k/ buổi~ 3 tiếng, tuần 1 2b.', 'Cv, thu nhập đều đặn cho các bé hsinh svien', '15', '2022-05-06 16:57:54.878', 0, '0');
INSERT INTO public.posts (id, title, gender, id_writer, amount, min_cast, max_cast, state, content, requirement, benefit, address, write_time, views, hot) OVERRIDING SYSTEM VALUE VALUES (20, 'Tuyển trợ lý cá nhân', 'Nam', 3, 1, 5000000, 5000000, '1', 'Tuyển trợ lý cá nhân', 'Yêu cầu: nữ
-biết chụp ảnh, chỉnh ảnh bằng điện thoại
-biết chỉ đạo tạo dáng
-biết quay video, chỉnh sửa video bằng điện thoại
-biết set up đèn và góc quay
-am hiểu về thời trang, mỹ phẩm
-có tư duy idea để góp ý quay video
-tỉ mỉ kỹ tính Làm việc tại hiệp bình phước thủ đức
-Lương thoả thuận', 'Lương thoả thuận
thời gian làm việc: từ 13h- 22h', '10', '2022-05-06 17:02:40.91', 0, '0');
INSERT INTO public.posts (id, title, gender, id_writer, amount, min_cast, max_cast, state, content, requirement, benefit, address, write_time, views, hot) OVERRIDING SYSTEM VALUE VALUES (21, 'TUYỂN MẪU QUAY THẨM MỸ', 'Nữ', 3, 1, 1500000, 2000000, '1', 'Quay tại studio quận 3 vào thứ 7 tuần này (7/5/2022) 
Casxe: 500k/ 4-5 tiếng', 'Da đẹp, mịn màng, mặt sang, thoại tốt', '', '20', '2022-05-06 17:04:56.412', 0, '0');
INSERT INTO public.posts (id, title, gender, id_writer, amount, min_cast, max_cast, state, content, requirement, benefit, address, write_time, views, hot) OVERRIDING SYSTEM VALUE VALUES (22, 'Chụp trải nghiệm dịch vụ khu đô thị, sân tập golf.', 'Nam', 3, 5, 3000000, 3000000, '1', 'Chụp trải nghiệm dịch vụ khu đô thị, sân tập golf.', '1 NAM, 1 NỮ: từ 27-30 tuổi, ngoại hình thành đạt, nữ cao trên 1m65, nam trên 1m75
2 NỮ: 18-26 tuổi, dáng thể thao, cao trên 1m65
1 NAM: 18-26 tuổi, dáng thể thao, nam tính, cao trên 1m75
Biết đánh golf là một lợi thế', 'Địa điểm chụp: Lạng Sơn
Thời gian: 1 ngày - Thứ 7 tuần này (7/5)
Cast: 3tr/ người
Inbox mình để nh', '15', '2022-05-06 17:06:51.739', 0, '0');
INSERT INTO public.posts (id, title, gender, id_writer, amount, min_cast, max_cast, state, content, requirement, benefit, address, write_time, views, hot) OVERRIDING SYSTEM VALUE VALUES (23, 'TUYỂN MẪU QUAY XÓA NHĂN', 'Nữ', 3, 1, 1800000, 2000000, '1', 'TUYỂN MẪU QUAY XÓA NHĂN', 'Yêu cầu: Da mặt đẹp, mịn màng, thoại tốt', 'Độ tuổi: từ 22 - 35 tuổi
Casxe: 500k ( 4- 5 tiếng )', '30', '2022-05-06 17:08:14.925', 0, '0');
INSERT INTO public.posts (id, title, gender, id_writer, amount, min_cast, max_cast, state, content, requirement, benefit, address, write_time, views, hot) OVERRIDING SYSTEM VALUE VALUES (24, 'Chụp ngoại cảnh sexy ', 'Nữ', 3, 1, 1200000, 1500000, '1', 'Chụp ngoại cảnh sexy ', 'Sexy, Cao trên 1m65', '', '15', '2022-05-06 17:09:45.511', 0, '0');
INSERT INTO public.posts (id, title, gender, id_writer, amount, min_cast, max_cast, state, content, requirement, benefit, address, write_time, views, hot) OVERRIDING SYSTEM VALUE VALUES (25, 'Chụp hình và review mỹ phẩm Kem chống nắng', 'Nữ', 3, 10, 400000, 400000, '1', 'Chụp hình và review mỹ phẩm Kem chống nắng', '- Nữ
- Da trắng, xinh xắn 
- chụp 3 ảnh và 1 video review feedback sản phẩm dài 2-3 phút. 
- Sau đó gửi lại ảnh và video để duyệt rồi đăng lên Facebook trang cá nhân, để chế độ công khai cùng dùng Hastag và caption mình sẽ gửi sau. 
- Gửi lại ảnh và video gốc ', '- Tặng 1 Kem chống nắng trị giá 690k.
- 💰 400k/ mẫu', '20', '2022-05-06 17:12:33.847', 0, '0');
INSERT INTO public.posts (id, title, gender, id_writer, amount, min_cast, max_cast, state, content, requirement, benefit, address, write_time, views, hot) OVERRIDING SYSTEM VALUE VALUES (26, 'TUYỂN MẪU VÀ MAKE UP GIAO LƯU ', 'Nữ', 3, 2, 900000, 1000000, '1', 'Hi mọi người, sắp tới Đạt sẽ thực hiện vài concept xịn sò tại SaiGon, nên cần tìm một vài bạn mẫu và make up cùng collab. ', 'Ưu tiên mẫu có góc mặt ưa nhìn, biết diễn nhẹ và make up thì mình chỉ cần có tâm là được. Chúng ta đều muốn có những profile concept đẹp, vậy sao không thử collab cùng nhau để tạo ra những sản phẩm xịn sò ấn tượng hihi ❤', '', '10', '2022-05-06 17:14:02.942', 0, '0');
INSERT INTO public.posts (id, title, gender, id_writer, amount, min_cast, max_cast, state, content, requirement, benefit, address, write_time, views, hot) OVERRIDING SYSTEM VALUE VALUES (27, 'Model feedback nhận đồ về tự chụp', 'Nữ', 3, 3, 100000, 1000000, '1', 'Chị tìm model feedback nhận đồ về tự chụp (gương, hoặc backgroud thoáng như hình)', '- Ảnh đạt y/cầu về góc chụp, rõ mẫu, tự nhiên
- Trả 04 ảnh cho shop sau 04 ngày
- Trả mẫu cho shop sau 03 ngày', '- Cast 100k/mẫu
- Nhận 3 mẫu/đợt/tuần
- Thanh toán ngay khi shop nhận đủ ảnh đạt y/cầu', '15', '2022-05-06 17:15:32.888', 0, '0');
INSERT INTO public.posts (id, title, gender, id_writer, amount, min_cast, max_cast, state, content, requirement, benefit, address, write_time, views, hot) OVERRIDING SYSTEM VALUE VALUES (36, 'Quay video review sản phẩm', 'Nữ', 3, 1, 1500000, 1500000, '1', 'Mình ở HN cần thuê 1 bạn mẫu người Philipin quay video review sản phẩm.', 'người Philipin', '', '15', '2022-05-06 17:19:20.74', 0, '0');
INSERT INTO public.posts (id, title, gender, id_writer, amount, min_cast, max_cast, state, content, requirement, benefit, address, write_time, views, hot) OVERRIDING SYSTEM VALUE VALUES (37, 'Tuyển 1 bạn mẫu nữ style nữ tính thanh lịch', 'Nữ', 3, 1, 500000, 500000, '1', 'Tuyển 1 bạn mẫu nữ style nữ tính thanh lịch
Hợp tác quay clip review trang sức cao cấp ', 'Tự tin trước ống kính - Giọng nói dễ nghe
Biết chỉnh sửa video cơ bản bằng capcut', 'Cast 500K/clip - Mỗi tuần 2-3clip', '20', '2022-05-06 17:21:39.194', 0, '0');

INSERT INTO public.image_post (id, id_post, url, type) OVERRIDING SYSTEM VALUE VALUES (10, 10, 'https://res.cloudinary.com/kolcloudinary/image/upload/v1651826073/16518260715280.24158971930424888.jpg', '2');
INSERT INTO public.image_post (id, id_post, url, type) OVERRIDING SYSTEM VALUE VALUES (11, 11, 'https://res.cloudinary.com/kolcloudinary/image/upload/v1651826395/16518263936890.01886997675639246.jpg', '2');
INSERT INTO public.image_post (id, id_post, url, type) OVERRIDING SYSTEM VALUE VALUES (12, 12, 'https://res.cloudinary.com/kolcloudinary/image/upload/v1651826567/16518265675920.5968154820075466.jpg', '2');
INSERT INTO public.image_post (id, id_post, url, type) OVERRIDING SYSTEM VALUE VALUES (13, 13, 'https://res.cloudinary.com/kolcloudinary/image/upload/v1651830221/16518302214180.4429459663292228.jpg', '2');
INSERT INTO public.image_post (id, id_post, url, type) OVERRIDING SYSTEM VALUE VALUES (14, 14, 'https://res.cloudinary.com/kolcloudinary/image/upload/v1651830379/16518303791770.41047893580626704.webp', '2');
INSERT INTO public.image_post (id, id_post, url, type) OVERRIDING SYSTEM VALUE VALUES (15, 15, 'https://res.cloudinary.com/kolcloudinary/image/upload/v1651830487/16518304871840.39388933165266504.jpg', '2');
INSERT INTO public.image_post (id, id_post, url, type) OVERRIDING SYSTEM VALUE VALUES (16, 16, 'https://res.cloudinary.com/kolcloudinary/image/upload/v1651830574/16518305742150.452129859687215.jpg', '2');
INSERT INTO public.image_post (id, id_post, url, type) OVERRIDING SYSTEM VALUE VALUES (17, 17, 'https://res.cloudinary.com/kolcloudinary/image/upload/v1651830798/16518307985370.40968281009524343.webp', '2');
INSERT INTO public.image_post (id, id_post, url, type) OVERRIDING SYSTEM VALUE VALUES (18, 18, 'https://res.cloudinary.com/kolcloudinary/image/upload/v1651830954/16518309540740.1897254194189293.jpg', '2');
INSERT INTO public.image_post (id, id_post, url, type) OVERRIDING SYSTEM VALUE VALUES (19, 19, 'https://res.cloudinary.com/kolcloudinary/image/upload/v1651831074/16518310740090.005590480343785176.jpg', '2');
INSERT INTO public.image_post (id, id_post, url, type) OVERRIDING SYSTEM VALUE VALUES (20, 20, 'https://res.cloudinary.com/kolcloudinary/image/upload/v1651831360/16518313602350.6176446800547089.jpg', '2');
INSERT INTO public.image_post (id, id_post, url, type) OVERRIDING SYSTEM VALUE VALUES (21, 21, 'https://res.cloudinary.com/kolcloudinary/image/upload/v1651831495/16518314957350.599249243435531.jpg', '2');
INSERT INTO public.image_post (id, id_post, url, type) OVERRIDING SYSTEM VALUE VALUES (22, 22, 'https://res.cloudinary.com/kolcloudinary/image/upload/v1651831611/16518316109500.9930298297015527.webp', '2');
INSERT INTO public.image_post (id, id_post, url, type) OVERRIDING SYSTEM VALUE VALUES (23, 23, 'https://res.cloudinary.com/kolcloudinary/image/upload/v1651831694/16518316942980.3230273974741773.jpg', '2');
INSERT INTO public.image_post (id, id_post, url, type) OVERRIDING SYSTEM VALUE VALUES (24, 24, 'https://res.cloudinary.com/kolcloudinary/image/upload/v1651831784/16518317841330.4470699871701842.jpg', '2');
INSERT INTO public.image_post (id, id_post, url, type) OVERRIDING SYSTEM VALUE VALUES (25, 25, 'https://res.cloudinary.com/kolcloudinary/image/upload/v1651831953/16518319531110.5818054323097126.jpg', '2');
INSERT INTO public.image_post (id, id_post, url, type) OVERRIDING SYSTEM VALUE VALUES (26, 26, 'https://res.cloudinary.com/kolcloudinary/image/upload/v1651832042/16518320422780.3768788012554063.jpg', '2');
INSERT INTO public.image_post (id, id_post, url, type) OVERRIDING SYSTEM VALUE VALUES (28, 27, 'https://res.cloudinary.com/kolcloudinary/image/upload/v1651832132/16518321322500.1787057657929585.jpg', '1');
INSERT INTO public.image_post (id, id_post, url, type) OVERRIDING SYSTEM VALUE VALUES (29, 36, 'https://res.cloudinary.com/kolcloudinary/image/upload/v1651832359/16518323592140.6375032164411703.jpg', '2');
INSERT INTO public.image_post (id, id_post, url, type) OVERRIDING SYSTEM VALUE VALUES (30, 37, 'https://res.cloudinary.com/kolcloudinary/image/upload/v1651832498/16518324985300.3234486563702377.jpg', '2');

INSERT INTO public.post_categories (id_post, id_cate) VALUES (10, 2);
INSERT INTO public.post_categories (id_post, id_cate) VALUES (11, 3);
INSERT INTO public.post_categories (id_post, id_cate) VALUES (12, 3);
INSERT INTO public.post_categories (id_post, id_cate) VALUES (13, 3);
INSERT INTO public.post_categories (id_post, id_cate) VALUES (14, 3);
INSERT INTO public.post_categories (id_post, id_cate) VALUES (15, 1);
INSERT INTO public.post_categories (id_post, id_cate) VALUES (16, 3);
INSERT INTO public.post_categories (id_post, id_cate) VALUES (17, 4);
INSERT INTO public.post_categories (id_post, id_cate) VALUES (18, 3);
INSERT INTO public.post_categories (id_post, id_cate) VALUES (19, 3);
INSERT INTO public.post_categories (id_post, id_cate) VALUES (20, 3);
INSERT INTO public.post_categories (id_post, id_cate) VALUES (21, 3);
INSERT INTO public.post_categories (id_post, id_cate) VALUES (22, 3);
INSERT INTO public.post_categories (id_post, id_cate) VALUES (23, 3);
INSERT INTO public.post_categories (id_post, id_cate) VALUES (24, 3);
INSERT INTO public.post_categories (id_post, id_cate) VALUES (25, 3);
INSERT INTO public.post_categories (id_post, id_cate) VALUES (26, 2);
INSERT INTO public.post_categories (id_post, id_cate) VALUES (27, 3);
INSERT INTO public.post_categories (id_post, id_cate) VALUES (36, 1);
INSERT INTO public.post_categories (id_post, id_cate) VALUES (37, 3);

INSERT INTO public.recruitment (id, id_post, id_kols, id_brands, content, state, create_time, url) OVERRIDING SYSTEM VALUE VALUES (1, 12, 1, 2, 'kol1 chưa duyệt', 1, '2022-05-06 17:21:39.194', null);
INSERT INTO public.recruitment (id, id_post, id_kols, id_brands, content, state, create_time, url) OVERRIDING SYSTEM VALUE VALUES (2, 12, 2, 2, 'kol2 chưa duyệt', 1, '2022-05-06 17:21:39.194', null);
INSERT INTO public.recruitment (id, id_post, id_kols, id_brands, content, state, create_time, url) OVERRIDING SYSTEM VALUE VALUES (3, 11, 1, 2, 'kol1 chưa duyệt', 1, '2022-05-06 17:21:39.194', null);
INSERT INTO public.recruitment (id, id_post, id_kols, id_brands, content, state, create_time, url) OVERRIDING SYSTEM VALUE VALUES (4, 12, 3, 2, 'kol3 chưa duyệt', 1, '2022-05-06 17:21:39.194', null);
INSERT INTO public.recruitment (id, id_post, id_kols, id_brands, content, state, create_time, url) OVERRIDING SYSTEM VALUE VALUES (5, 11, 2, 2, 'kol2 đã duyệt', 2, '2022-05-06 17:21:39.194', null);

-- job member
INSERT INTO public.job_member (id, id_post, id_user, role, state, create_time) OVERRIDING SYSTEM VALUE VALUES(15,18,1,'1','1','2022-06-19 21:19:31.771');
INSERT INTO public.job_member (id, id_post, id_user, role, state, create_time) OVERRIDING SYSTEM VALUE VALUES(16,37,1,'1','1','2022-06-21 16:10:43.886');

--job describe
INSERT INTO public.job_describe (id, id_post, id_brand, content, type, create_time) OVERRIDING SYSTEM VALUE VALUES(10,18,2,'sau khi đăng video xong các bạn hãy inbox nhận tiền chuyển khoản nhé','2','2022-06-21 08:51:51.313');
INSERT INTO public.job_describe (id, id_post, id_brand, content, type, create_time) OVERRIDING SYSTEM VALUE VALUES(11,37,3,'Các bạn sẽ được nhận sản phẩm gửi về vào ngày 22/6, sau đó mọi người quay video ngắn hoặc chụp ảnh kèm với sản phẩm và đăng lên Facebook giúp mình nhé, mọi người có thể tạo trước nội dung nháp để bên mình kiểm duyệt nhé.','2','2022-06-21 17:50:07.391');
INSERT INTO public.job_describe (id, id_post, id_brand, content, type, create_time) OVERRIDING SYSTEM VALUE VALUES(12,18,2,'Các bạn sẽ được nhận sản phẩm về nhà vào ngày 24/6. Mọi người hãy quay video hoặc ảnh chụp ngắn với sản phẩm và đăng lên Facebook của mọi người vào lúc 8 giờ tối 26/6 nhé. Cảm ơn mọi người, nếu có thắc mắc gì hãy bình luận để mình giải đáp nhé.','1','2022-06-22 20:44:16.272');

-- kol account
INSERT INTO public.kol_social_account (id_kol, state, id_user_social, account_token, account_name, time_expired, create_time) OVERRIDING SYSTEM VALUE VALUES (1,'1','1432909660463031','EAAItHe6QJV8BAPPIpFoR7TJ202LVCuZBS2ZBZASYCwGjvQ59RzEHYXUVFudJAsvLZBlRXpK9yfaDJytGUcOpJlgCAZCheXPAEZCjwZAhtOXftrZAD3wpBbb70MRp3vbQGMOYOhhlNFctTXOZB9kNDKZApQG24u2GMeH0GtvBH9ZAV9cQAZDZD','Tuyết Trinh','2022-09-19 19:15:27','2022-06-21 19:15:29.495');

--kol page
INSERT INTO public.kol_social_page (id, id_kol, id_user_account, state, page_token, id_page_social, page_name, time_expired, create_time) OVERRIDING SYSTEM VALUE VALUES (30,1,'1432909660463031','1','EAAItHe6QJV8BAIuKpJHBSPZABncVa8WZA80IRnb3u8jnMnyZA0yggaVwNOqH32ZAs9p90ims6LOdL0ycWaZAFqqtRhQEt0vASQCPY1KA8pTufU7imISTu8UZCt7XK5bNLDIQgEYk0cgsavXgeKivzfqlE6bxoIHfogcKezpTYZCXeuHeqhoS1eI','101677992550639','KOLs Marketing','2022-09-19 19:15:27','2022-06-21 19:15:29.947');

-- social post
INSERT INTO public.kol_social_post (id, id_kol, id_page, id_page_social, id_post_job, id_job_describe, id_post_social, url_image, url_video, url_post_social, state, content, review, type_social, type_schedule, type_accept, count_like, count_share, count_comment, update_time, schedule_time, create_time) OVERRIDING SYSTEM VALUE VALUES (15, 1, 30, '101677992550639',18,10,'126625276722577','https://res.cloudinary.com/kolcloudinary/image/upload/v1655777724/16557777234010.6232640378535661.jpg', null,'https://facebook.com/101677992550639_126625276722577','2','change duy nhất','hình này đẹp, nội dung ok, bạn đăng vào tối 22/6 nha','1','2','1', 0, 0, 0, '2022-06-21 09:29:26.861', '2022-06-21 09:29:26.861','2022-06-21 09:29:26.861');
INSERT INTO public.kol_social_post (id, id_kol, id_page, id_page_social, id_post_job, id_job_describe, id_post_social, url_image, url_video, url_post_social, state, content, review, type_social, type_schedule, type_accept, count_like, count_share, count_comment, update_time, schedule_time, create_time) OVERRIDING SYSTEM VALUE VALUES (16,1,30,'101677992550639',37,11,'126799313371840','https://res.cloudinary.com/kolcloudinary/image/upload/v1655809296/16558092940040.23035177905124704.jpg',null,'https://facebook.com/101677992550639_126799313371840','2','Nội dung bài viết nháp mà KOLs sẽ viết cho nhãn hàng xét duyệt. Có thể đính kèm hình ảnh hoặc video',null, '1','2','0', 0, 0, 0, '2022-06-21 09:29:26.861','2022-06-21 19:24:08.394','2022-06-21 19:24:08.394');
INSERT INTO public.kol_social_post (id, id_kol, id_page, id_page_social, id_post_job, id_job_describe, id_post_social, url_image, url_video, url_post_social, state, content, review, type_social, type_schedule, type_accept, count_like, count_share, count_comment, update_time, schedule_time, create_time) OVERRIDING SYSTEM VALUE VALUES (17,1,30,'101677992550639',37,11,'127878869930551','https://res.cloudinary.com/kolcloudinary/image/upload/v1655814958/16558149555670.15367917431998634.jpg',null,'https://facebook.com/101677992550639_127878869930551','2','Ứng dụng KOLsMarketing hỗ trợ đăng bài lên Facebook',null,'1','2','0', 0, 0, 0, '2022-06-21 09:29:26.861','2022-06-22 21:17:22.911','2022-06-22 21:17:22.911');
INSERT INTO public.kol_social_post (id, id_kol, id_page, id_page_social, id_post_job, id_job_describe, id_post_social, url_image, url_video, url_post_social, state, content, review, type_social, type_schedule, type_accept, count_like, count_share, count_comment, update_time, schedule_time, create_time) OVERRIDING SYSTEM VALUE VALUES (18,1,30,'101677992550639',37,11,'127883806596724','https://res.cloudinary.com/kolcloudinary/image/upload/v1655907890/16559078876490.3375916098495424.jpg',null,'https://facebook.com/101677992550639_127883806596724','1','bài nháp','bài viết của bạn đã ổn','1','1','1', 0, 0, 0, '2022-06-21 09:29:26.861', '2022-06-22 22:40:00','2022-06-22 21:33:08.451');
